,Interl. Dur.,Interl. Vid. Count,Interl. Low Ar.,Ratio,Low Ar. vid. bfr 2nd,Low Ar. time bfr 2nd
Max GSR 1st,-0.1281620610883842,-0.13104185015493683,-0.07748548710856946,0.07738793324442764,0.09993389871109055,0.09986605868431085
Max GSR 1st Time,0.22746393233633114,0.21508325681337345,0.15619303739116674,-0.10579393464715615,-0.0895326765625642,-0.07481000070653379
Max GSR 2nd,-0.12459666143433064,-0.11334542264680589,-0.05141655260547917,0.11823401390764124,0.16720228356512284,0.15647084132767797
Max GSR 2nd Time,-0.10547879366406734,-0.10892767664243433,-0.09099234515515178,0.022870884920192614,0.07113866012742125,0.08723048017148358
Diff. GSR,0.035436208912648974,0.056373061182880796,0.055701782516474986,0.04023739970886275,0.07277637619502794,0.05750720246495384
Diff. GSR Time,-0.34201891333586737,-0.3328481521853384,-0.25393290438479765,0.13215941742187076,0.16506587637629866,0.16648360803805737
